{
  "k": 64,
  "by_edit_type": {
    "prefix_suffix": {
      "n": 1454,
      "mean_true_j": 0.9094765985066912,
      "mean_est_j": 0.9066691024759285,
      "err_mean": -0.0028074960307627075,
      "err_std": 0.036494512343539745,
      "theoretical_std": 0.03445761702803199
    },
    "punctuation": {
      "n": 1988,
      "mean_true_j": 0.7761249415930718,
      "mean_est_j": 0.7753002389336016,
      "err_mean": -0.0008247026594700958,
      "err_std": 0.04817152244185641,
      "theoretical_std": 0.047540435562175284
    },
    "reorder": {
      "n": 1462,
      "mean_true_j": 0.5231542760169174,
      "mean_est_j": 0.5224756326949385,
      "err_mean": -0.0006786433219790058,
      "err_std": 0.04941881543201835,
      "theoretical_std": 0.048843364601959656
    },
    "typo": {
      "n": 2936,
      "mean_true_j": 0.7225583565807855,
      "mean_est_j": 0.7236301515667575,
      "err_mean": 0.0010717949859719437,
      "err_std": 0.054360379701500726,
      "theoretical_std": 0.05495047974289334
    },
    "word_sub": {
      "n": 2911,
      "mean_true_j": 0.758041986533837,
      "mean_est_j": 0.7570046805221573,
      "err_mean": -0.0010373060116797132,
      "err_std": 0.052834549692477015,
      "theoretical_std": 0.051670978093961636
    }
  },
  "random_pairs": {
    "n": 1000,
    "mean_true_j": 0.00010286419513180821,
    "mean_est_j": 6.25e-05,
    "err_mean": -4.036419513180821e-05,
    "err_std": 0.001370233113482273
  }
}