{
  "k": 3,
  "mode": "word",
  "n_docs": 95876,
  "ground_truth_jaccard_by_edit_type": {
    "punctuation": {
      "n": 1988,
      "min": 0.1724137931034483,
      "p25": 0.6842105263157895,
      "median": 0.7948717948717948,
      "p75": 0.9047619047619048,
      "max": 0.9649122807017544,
      "mean": 0.7761249415930793
    },
    "typo": {
      "n": 2936,
      "min": 0.3333333333333333,
      "p25": 0.6842105263157895,
      "median": 0.7272727272727273,
      "p75": 0.7714285714285715,
      "max": 0.9333333333333333,
      "mean": 0.7225583565807823
    },
    "word_sub": {
      "n": 2911,
      "min": 0.3793103448275862,
      "p25": 0.6923076923076923,
      "median": 0.76,
      "p75": 0.8333333333333334,
      "max": 0.9666666666666667,
      "mean": 0.7580419865338301
    },
    "reorder": {
      "n": 1462,
      "min": 0.1111111111111111,
      "p25": 0.26666666666666666,
      "median": 0.29411764705882354,
      "p75": 0.8857142857142857,
      "max": 0.9672131147540983,
      "mean": 0.5231542760169153
    },
    "prefix_suffix": {
      "n": 1454,
      "min": 0.7142857142857143,
      "p25": 0.8837209302325582,
      "median": 0.9166666666666666,
      "p75": 0.9436619718309859,
      "max": 0.989247311827957,
      "mean": 0.9094765985066914
    }
  },
  "ground_truth_removed_by_phase2": {
    "exact": 3000,
    "punctuation": 1012,
    "typo": 64,
    "word_sub": 89,
    "reorder": 38,
    "prefix_suffix": 46
  },
  "random_pair_jaccard": {
    "n": 1000,
    "min": 0.0,
    "p25": 0.0,
    "median": 0.0,
    "p75": 0.0,
    "max": 0.02857142857142857,
    "mean": 9.60445862584303e-05,
    "fraction_nonzero": 0.006
  },
  "corpus_shingle_stats": {
    "n": 95876,
    "min": 6,
    "p25": 30,
    "median": 35,
    "p75": 41,
    "max": 172,
    "mean": 35.910238224373145,
    "total_shingles_across_corpus": 3442930
  }
}